sentiment,msg_length
Negative,254.67105263157896
Neutral,119.77103718199609
Positive,308.0994764397906
